,gini_index,corruption_perceptions_index,freedom_house_democracy_index,hdi,press_freedom_index,economist_democracy_index,populism_index,effective_coverage_of_health_services_index,trust_in_news_media_index,trust_in_government_index,trust_in_science_index
count,128.0,128.0,128.0,128.0,128.0,128.0,128.0,128.0,128.0,128.0,128.0
mean,36.35586984507813,43.94640321328125,2.0390625,2.9358377789453125,2.81988057765625,2.351583913640625,4.9114498927734385,64.19730439007813,40.95911249710937,56.562569541796876,17.618895899687498
std,6.734696518281943,19.181589171523793,0.8171618229468933,1.0851954235506105,1.1444054085297235,1.0438299714303818,1.2796387249472103,16.045096994729608,6.780498127689759,13.346875581947835,9.482897422253895
min,23.81430158,12.0,1.0,1.0,1.0,1.0,1.0,32.0,22.0,21.0,2.0
25%,31.75,30.0,1.0,2.0,2.0,1.0,4.3325763045,52.0,36.817675487500004,48.1567598925,11.0
50%,35.342036255,38.5,2.0,3.0,3.0,2.0,4.7610549745,63.0,40.55536901,56.96968932,16.0
75%,41.15,56.0,3.0,4.0,4.0,3.0,5.61916994475,76.5,44.905421145,64.9628117275,22.0
max,63.0,88.0,3.0,4.0,5.0,4.0,8.0,96.0,59.0,86.0,54.0
